user_id,age,income,clicks,purchase_amount,label
1,28,58242,81,378.38,user3
2,28,38225,21,114.5,user3
3,39,95017,41,66.24,user2
4,52,33473,98,496.88,user3
5,29,80690,5,293.24,user1
6,47,33154,7,315.08,user2
7,57,34017,84,250.46,user3
8,21,55732,74,60.35,user3
9,44,71601,97,257.19,user1
10,53,39485,90,492.83,user2
11,43,60481,93,479.99,user3
12,38,45297,79,493.88,user3
13,45,64939,59,75.43,user1
14,39,24015,66,279.13,user3
15,25,76656,67,327.75,user2
16,38,32654,48,316.56,user1
17,44,61192,38,116.26,user1
18,45,98596,10,451.77,user1
19,53,47403,80,109.07,user3
20,21,51657,74,438.75,user1
21,34,94616,3,59.86,user1
22,51,29022,15,392.57,user1
23,48,68218,61,227.55,user1
24,32,76777,9,37.11,user1
25,29,60311,74,171.18,user3
26,18,76576,69,257.75,user3
27,19,34359,15,25.87,user2
28,18,75814,86,65.19,user1
29,23,95211,90,19.22,user2
30,53,35091,16,156.57,user3
31,32,92430,96,431.71,user2
32,31,62913,8,303.78,user1
33,19,86142,36,32.12,user1
34,53,59514,29,99.43,user2
35,21,78538,72,495.36,user3
36,19,29934,64,357.12,user2
37,19,46819,52,333.39,user3
38,24,26017,95,355.27,user2
39,58,63323,18,368.47,user1
40,46,38166,6,477.6,user3
41,28,33820,29,160.19,user3
42,36,49601,21,191.08,user3
43,33,49317,12,44.26,user3
44,23,59387,18,314.94,user3
45,20,48055,14,365.35,user3
46,20,53554,52,182.78,user3
47,40,73002,22,129.67,user3
48,33,45840,54,435.25,user2
49,48,72430,37,359.19,user3
50,39,73376,84,165.76,user1
51,32,65431,39,272.07,user3
52,55,74748,67,280.8,user2
53,25,33440,63,155.9,user1
54,40,89300,5,278.07,user2
55,32,24211,85,423.54,user3
56,24,59894,87,451.72,user3
57,34,25489,61,276.52,user3
58,55,36501,96,414.26,user3
59,45,46127,47,250.0,user2
60,20,32207,93,351.52,user3
61,44,78138,6,455.57,user3
62,27,66989,50,483.73,user2
63,29,32290,30,159.8,user1
64,45,42873,47,452.07,user3
65,32,59989,98,481.47,user3
66,18,94034,13,223.0,user2
67,44,80124,32,198.81,user3
68,31,73005,27,478.17,user2
69,59,32638,3,43.54,user2
70,58,67188,71,185.4,user2
71,41,77986,53,42.19,user1
72,39,75527,80,155.74,user2
73,33,54014,33,47.32,user1
74,26,77458,31,140.24,user3
75,42,29996,30,253.32,user1
76,57,94041,49,246.32,user1
77,57,66739,62,355.3,user3
78,34,69730,38,5.52,user3
79,46,84368,22,98.03,user1
80,18,31755,79,349.52,user2
81,32,44193,30,479.5,user1
82,55,26290,18,276.44,user1
83,34,27363,59,65.93,user1
84,25,40056,47,488.85,user1
85,45,42511,11,32.76,user1
86,38,99458,18,379.49,user3
87,41,62184,28,457.39,user3
88,23,29401,86,122.18,user1
89,28,32380,68,35.5,user3
90,46,54191,71,367.82,user2
91,51,76878,96,489.73,user1
92,49,89066,81,452.08,user1
93,52,51321,57,127.31,user1
94,49,72844,15,481.49,user1
95,47,41425,95,232.16,user2
96,19,63206,80,428.87,user2
97,46,25232,53,175.61,user2
98,20,81700,25,292.1,user2
99,49,20195,86,196.96,user2
100,39,51738,89,280.19,user1
101,57,54556,58,284.81,user1
102,36,66132,3,217.53,user2
103,58,84651,2,283.28,user2
104,27,71661,93,250.95,user2
105,47,51855,41,175.38,user3
106,54,49957,66,275.94,user3
107,48,65292,59,45.45,user1
108,22,68878,86,20.39,user3
109,50,99775,68,258.0,user1
110,22,24075,73,478.76,user2
111,37,94289,22,310.83,user3
112,38,60971,58,71.53,user1
113,37,70761,13,218.0,user3
114,50,76729,37,308.86,user2
115,51,95805,11,359.43,user1
116,24,21695,91,332.44,user1
117,28,73129,70,149.95,user2
118,22,21627,5,132.79,user2
119,44,53843,73,386.7,user2
120,32,77597,55,184.64,user1
121,39,73374,64,31.08,user2
122,53,27468,44,56.47,user1
123,22,44834,17,392.26,user2
124,34,52996,23,484.64,user1
125,58,53170,40,339.57,user3
126,54,59004,44,202.0,user3
127,23,61500,81,230.06,user2
128,39,71172,73,320.82,user1
129,21,39328,69,358.2,user2
130,23,73118,34,378.06,user2
131,53,45934,96,461.39,user2
132,27,75413,28,411.56,user1
133,55,73743,10,240.68,user3
134,35,61080,66,148.51,user1
135,43,72848,5,499.66,user2
136,30,94890,26,185.79,user2
137,52,99350,18,414.08,user1
138,27,55630,87,437.35,user1
139,50,36095,65,280.66,user2
140,40,27039,14,280.93,user1
141,23,21759,18,469.41,user1
142,41,95220,83,349.81,user2
143,58,81545,59,75.7,user2
144,19,88429,29,87.93,user3
145,34,95586,49,239.09,user3
146,29,36006,79,186.71,user2
147,28,53445,41,68.12,user1
148,43,32922,16,381.48,user3
149,53,22594,6,397.67,user2
150,30,32118,86,475.67,user3
151,26,41281,54,190.14,user2
152,21,51812,19,62.5,user3
153,34,47463,34,402.2,user3
154,31,98031,99,48.17,user1
155,53,46018,12,155.77,user1
156,57,50193,9,150.44,user1
157,19,74684,27,239.17,user2
158,36,99141,42,67.46,user1
159,21,39293,28,88.97,user2
160,55,45183,31,50.66,user1
161,28,25121,74,153.42,user1
162,39,65080,17,180.71,user1
163,45,87424,42,122.82,user1
164,37,25061,97,94.24,user1
165,52,76080,59,14.74,user3
166,51,59601,9,313.78,user3
167,25,68238,67,411.54,user3
168,42,75167,21,50.86,user3
169,37,99006,23,171.72,user3
170,38,22805,23,302.57,user3
171,50,75981,21,407.18,user3
172,49,64821,60,44.48,user1
173,35,90072,39,280.9,user2
174,37,48772,50,26.7,user3
175,39,88660,39,47.26,user1
176,37,69654,64,337.32,user3
177,49,70905,8,173.99,user1
178,39,82044,95,405.68,user3
179,39,91523,24,5.66,user2
180,57,55705,35,84.56,user1
181,59,36511,50,416.42,user3
182,34,73266,98,244.55,user1
183,58,43447,41,117.33,user2
184,29,82999,88,237.4,user1
185,33,57779,8,32.18,user3
186,39,99423,80,375.88,user2
187,31,38006,21,342.15,user1
188,50,35647,54,443.74,user1
189,26,94049,80,480.99,user3
190,50,43048,8,485.09,user1
191,53,92831,79,186.8,user1
192,46,23708,58,229.74,user3
193,30,66715,73,478.39,user2
194,23,76789,2,286.56,user3
195,42,94704,54,217.82,user1
196,50,95257,91,30.12,user2
197,29,61468,57,419.81,user2
198,55,56366,43,28.19,user3
199,29,84198,78,484.5,user1
200,36,52708,2,270.06,user3
201,21,49736,76,226.26,user2
202,48,79611,67,22.84,user2
203,24,69068,60,407.23,user1
204,58,64995,37,246.12,user2
205,23,92179,34,212.59,user2
206,43,40692,81,47.78,user2
207,53,25809,83,184.49,user1
208,29,54891,59,322.31,user2
209,33,66718,33,306.03,user3
210,53,74838,93,193.83,user1
211,38,50768,10,442.11,user1
212,30,73115,14,70.75,user2
213,22,99921,41,143.5,user2
214,48,50530,53,323.23,user1
215,50,88560,48,135.55,user1
216,32,80751,87,136.13,user3
217,18,53460,79,46.28,user2
218,59,56915,26,499.53,user2
219,36,62628,87,191.97,user2
220,59,81394,60,428.01,user3
221,32,59428,27,147.63,user2
222,48,59016,72,461.14,user2
223,43,30827,18,34.29,user3
224,22,75709,16,86.88,user3
225,46,82545,52,180.85,user2
226,21,59962,55,101.76,user2
227,36,47208,15,304.12,user2
228,30,43825,85,281.6,user2
229,47,79800,85,87.31,user1
230,58,62898,89,449.76,user2
231,58,44889,92,269.12,user1
232,55,22048,18,438.63,user3
233,37,34525,82,232.32,user3
234,24,62184,72,143.27,user2
235,33,46934,29,348.58,user1
236,20,81082,46,257.96,user1
237,47,36867,69,410.26,user1
238,41,37382,2,76.28,user3
239,30,46577,11,235.17,user2
240,46,97541,24,371.72,user3
241,50,77888,37,302.79,user2
242,23,91905,6,317.28,user2
243,53,73909,10,344.92,user2
244,48,90067,38,298.36,user3
245,30,49566,49,402.57,user3
246,46,39525,35,281.25,user2
247,29,34455,97,83.17,user1
248,27,95154,15,471.33,user1
249,38,98402,57,145.11,user1
250,52,61532,17,176.06,user3
251,53,51167,44,388.61,user2
252,28,21306,66,350.2,user2
253,27,21909,54,272.49,user1
254,34,27883,87,227.34,user3
255,52,64939,39,405.96,user2
256,56,76077,11,439.69,user2
257,38,82671,7,237.3,user2
258,44,45974,40,39.68,user1
259,46,80100,1,273.99,user1
260,22,64359,78,472.61,user2
261,49,51514,57,177.05,user1
262,46,27063,47,353.79,user3
263,58,87321,23,187.38,user2
264,22,43087,83,472.94,user1
265,55,42484,3,296.97,user3
266,37,78631,36,113.14,user1
267,34,54113,81,229.7,user2
268,29,61649,98,345.71,user2
269,39,44764,99,319.3,user2
270,38,76789,98,82.48,user2
271,56,40493,47,77.13,user2
272,40,83561,22,258.25,user1
273,27,72855,3,87.02,user2
274,30,93871,90,243.65,user3
275,40,79215,96,344.48,user2
276,56,64282,30,379.7,user1
277,56,56271,87,341.7,user1
278,20,68915,41,27.93,user3
279,59,90532,17,480.16,user2
280,26,56686,60,194.83,user3
281,32,68051,62,307.72,user2
282,24,26623,41,455.94,user3
283,35,44794,96,23.7,user2
284,18,48405,5,331.4,user1
285,27,27850,40,496.91,user2
286,26,97016,68,214.06,user3
287,51,66876,44,345.88,user3
288,55,58035,44,397.07,user1
289,44,70892,40,178.92,user3
290,58,23678,74,202.08,user2
291,24,64873,8,465.53,user3
292,20,37586,43,210.97,user2
293,44,42380,66,269.03,user3
294,52,78624,64,258.15,user1
295,45,67781,28,30.07,user2
296,43,99187,51,411.92,user1
297,52,51681,44,31.82,user3
298,46,98860,6,351.14,user1
299,19,89520,99,213.56,user3
300,30,51756,17,350.68,user3
301,28,55914,70,304.51,user3
302,31,68739,97,494.29,user3
303,40,96558,51,459.48,user3
304,32,58663,70,57.41,user1
305,40,36345,51,268.98,user1
306,49,46297,19,208.63,user1
307,23,52943,54,122.83,user2
308,35,88031,3,452.97,user3
309,26,32376,24,321.62,user2
310,25,24006,54,257.5,user3
311,38,69905,75,475.1,user1
312,50,28748,83,269.71,user1
313,29,65952,90,417.93,user1
314,33,80850,83,241.02,user3
315,26,97911,56,50.77,user3
316,51,95688,98,287.06,user1
317,37,27229,58,7.05,user3
318,24,96915,92,352.44,user3
319,40,79449,43,391.76,user3
320,56,79537,30,210.27,user2
321,30,79845,12,73.56,user1
322,28,62742,60,348.82,user2
323,34,98982,1,52.88,user2
324,26,40127,62,366.9,user2
325,20,70221,11,411.64,user3
326,49,31410,72,109.62,user1
327,24,51154,25,468.62,user2
328,54,56641,13,190.7,user2
329,44,30081,28,391.18,user1
330,51,48786,49,271.83,user1
331,54,76158,36,391.15,user3
332,30,84382,31,275.58,user2
333,19,34970,72,212.71,user1
334,34,75630,41,46.47,user3
335,41,63642,93,94.46,user1
336,35,72116,12,245.73,user1
337,55,70356,13,400.56,user3
338,46,22791,50,230.35,user3
339,26,71002,31,59.63,user3
340,50,46054,28,334.27,user3
341,47,89128,23,375.46,user2
342,22,31280,26,171.51,user3
343,19,72368,0,102.3,user2
344,44,34531,42,165.89,user1
345,57,83436,34,300.48,user2
346,40,23635,89,344.75,user3
347,57,93829,22,493.55,user1
348,33,69274,47,397.62,user3
349,47,24637,92,234.33,user1
350,40,40601,49,259.71,user3
351,28,56009,87,161.72,user1
352,34,35705,58,445.4,user1
353,41,75020,68,466.34,user1
354,54,95186,7,116.24,user2
355,54,76774,84,437.45,user3
356,59,26028,25,274.41,user2
357,25,39650,85,221.63,user2
358,52,30371,23,178.11,user1
359,27,43144,82,61.1,user1
360,22,65236,53,454.37,user3
361,47,89017,41,42.28,user3
362,18,72869,66,415.29,user3
363,44,59555,24,427.22,user1
364,27,22672,24,428.14,user3
365,34,88381,82,266.47,user2
366,44,41979,62,56.39,user1
367,21,26736,82,360.61,user3
368,37,56245,96,275.94,user3
369,21,41604,45,45.15,user1
370,20,44833,5,119.29,user2
371,49,92707,99,361.2,user1
372,56,55676,82,466.23,user3
373,45,94891,9,17.72,user1
374,26,81658,7,386.88,user2
375,52,46800,89,116.49,user2
376,26,52868,43,298.46,user3
377,33,77838,71,281.08,user2
378,55,98695,54,42.78,user2
379,47,44001,48,48.77,user1
380,26,46251,71,445.87,user2
381,38,51190,58,168.39,user2
382,33,32942,76,158.1,user2
383,46,98617,16,412.94,user1
384,56,28896,7,414.91,user2
385,37,68728,39,167.48,user2
386,47,61584,12,473.94,user3
387,33,67776,87,77.23,user3
388,54,89544,14,326.57,user2
389,43,93986,46,412.02,user2
390,45,77312,77,327.17,user2
391,34,42895,16,272.37,user2
392,23,40328,58,387.53,user3
393,56,22729,78,326.46,user1
394,22,69849,58,225.44,user2
395,23,78003,70,125.85,user2
396,26,67358,50,310.06,user3
397,56,65408,85,92.9,user2
398,25,96054,47,258.57,user2
399,45,89748,43,307.21,user1
400,53,29975,28,474.87,user1
401,43,84576,37,23.58,user1
402,44,50368,50,171.31,user3
403,54,70737,70,379.65,user3
404,51,51587,92,54.38,user2
405,30,35200,23,93.37,user3
406,40,46492,57,331.01,user2
407,34,64146,88,341.38,user1
408,40,23552,81,356.79,user3
409,22,34626,3,159.31,user3
410,46,94764,60,303.95,user3
411,47,99936,9,370.54,user2
412,42,71865,57,18.52,user3
413,39,55955,43,84.77,user3
414,43,52143,78,280.89,user3
415,23,29509,20,147.19,user2
416,40,30467,2,117.7,user3
417,30,91179,77,5.14,user3
418,26,32422,4,160.53,user2
419,20,53073,79,203.55,user3
420,20,78122,65,290.09,user2
421,25,68314,71,93.94,user1
422,25,59760,0,83.92,user2
423,46,63799,81,159.06,user1
424,37,53860,8,245.36,user2
425,57,87081,2,391.66,user3
426,50,86605,82,245.67,user3
427,51,81437,18,350.74,user2
428,33,39733,46,358.22,user1
429,43,30337,59,111.47,user3
430,30,49316,84,107.72,user1
431,36,74878,60,277.91,user1
432,56,28345,82,71.58,user1
433,54,26149,63,434.25,user1
434,56,53431,1,493.18,user2
435,25,32990,65,433.2,user3
436,44,67156,12,36.66,user1
437,50,20569,50,488.57,user1
438,19,57248,52,332.5,user1
439,20,95312,91,93.2,user3
440,21,68494,32,136.02,user1
441,51,55833,61,29.11,user3
442,45,81386,22,159.56,user3
443,32,42057,73,165.92,user1
444,21,81016,79,256.9,user2
445,42,95560,11,339.62,user3
446,36,61999,79,438.21,user2
447,37,63399,43,430.13,user2
448,35,28825,54,154.58,user1
449,35,52389,48,483.24,user3
450,20,45841,68,102.43,user1
451,27,94932,68,66.89,user3
452,32,53983,10,5.81,user3
453,58,23832,33,424.46,user2
454,39,90399,5,380.85,user2
455,47,25436,64,211.68,user2
456,57,57256,96,266.74,user3
457,57,92181,94,21.62,user2
458,51,70375,23,259.34,user2
459,23,54437,11,306.94,user3
460,53,88144,16,299.86,user1
461,18,50159,61,266.13,user1
462,29,34676,5,378.84,user1
463,49,42331,63,269.37,user1
464,30,31774,97,451.45,user2
465,27,37996,79,215.3,user3
466,32,60448,67,98.85,user2
467,52,42610,84,290.09,user1
468,22,78615,78,404.94,user1
469,22,63701,38,68.18,user3
470,19,83756,23,174.26,user3
471,37,57697,60,95.36,user1
472,48,78093,69,162.97,user3
473,41,81602,35,95.28,user3
474,19,60926,2,9.73,user3
475,45,70022,41,355.55,user2
476,45,95273,47,335.44,user2
477,47,45420,4,34.05,user1
478,46,63186,53,55.34,user1
479,37,34265,79,223.03,user2
480,24,36302,85,446.65,user3
481,41,42583,40,41.52,user3
482,52,41165,34,17.8,user1
483,40,23774,5,135.9,user2
484,46,61502,50,479.13,user2
485,29,33629,77,170.53,user2
486,49,85823,95,127.17,user1
487,51,69024,3,464.14,user3
488,48,79699,56,73.82,user1
489,26,42724,83,162.65,user3
490,29,66122,27,496.96,user1
491,55,65045,73,408.16,user1
492,44,92046,73,47.62,user2
493,23,72268,90,99.09,user1
494,45,92591,61,475.51,user3
495,26,45759,31,259.34,user3
496,21,63169,51,101.97,user2
497,21,87709,12,306.2,user2
498,35,41128,74,44.29,user3
499,23,86063,77,162.0,user1
500,45,35359,59,32.9,user2
501,56,41541,76,104.86,user3
502,52,62216,6,314.76,user1
503,21,39200,52,322.11,user1
504,36,22271,84,285.94,user2
505,35,31148,76,451.11,user3
506,57,28719,54,195.59,user3
507,53,27407,19,115.08,user3
508,28,85918,52,150.45,user2
509,27,86047,4,34.57,user1
510,34,73279,38,325.09,user1
511,35,78872,71,81.43,user2
512,31,22095,40,207.9,user1
513,33,73213,68,301.55,user2
514,21,41225,0,202.41,user1
515,54,84398,21,207.41,user3
516,51,63823,8,223.01,user1
517,24,93903,14,430.85,user3
518,36,98236,4,173.67,user3
519,47,47998,21,77.88,user1
520,33,84496,5,161.79,user2
521,42,37467,64,401.74,user3
522,38,58736,59,388.28,user3
523,27,99749,0,410.36,user1
524,51,90090,99,431.5,user3
525,35,54274,10,378.76,user3
526,18,93239,33,366.02,user1
527,33,35714,7,134.6,user2
528,34,78450,23,258.39,user2
529,51,29754,3,339.07,user3
530,26,94739,9,71.32,user3
531,55,80178,96,496.89,user3
532,19,49377,96,191.6,user3
533,31,99215,93,5.02,user3
534,47,72999,44,439.47,user1
535,54,35089,89,168.93,user2
536,52,65588,35,10.97,user1
537,36,20809,55,20.67,user3
538,38,93057,77,320.45,user3
539,59,84173,50,316.68,user2
540,40,65337,27,66.95,user3
541,48,95256,81,265.22,user2
542,35,46202,38,475.6,user1
543,36,29168,6,120.96,user1
544,36,63889,46,327.02,user3
545,48,67243,53,13.36,user1
546,50,56864,67,217.63,user1
547,35,48580,48,85.15,user3
548,29,79289,54,432.86,user1
549,21,96465,70,215.57,user1
550,43,29124,39,464.76,user3
551,27,69977,47,156.57,user3
552,28,91955,4,403.36,user1
553,44,32364,13,402.56,user1
554,35,38428,3,353.07,user1
555,31,58324,61,240.43,user3
556,31,85980,34,91.73,user2
557,50,86258,11,76.01,user3
558,45,40210,71,233.53,user2
559,22,81955,65,272.64,user1
560,58,58428,33,95.73,user3
561,32,97697,79,267.87,user2
562,35,98068,2,209.32,user2
563,36,21018,20,415.77,user2
564,18,76014,37,248.45,user3
565,36,92349,54,264.28,user1
566,39,61161,69,413.16,user2
567,19,39127,84,471.1,user1
568,37,84668,72,189.02,user3
569,33,62975,45,98.96,user2
570,58,42417,3,358.23,user1
571,42,96761,77,170.86,user2
572,18,78149,24,89.32,user1
573,46,60548,95,290.01,user2
574,50,53089,1,91.8,user1
575,48,44693,58,264.77,user2
576,19,51540,75,245.79,user2
577,29,84310,92,209.53,user1
578,47,30962,75,23.43,user1
579,29,99922,86,266.05,user2
580,29,84968,36,202.08,user1
581,49,70466,89,461.43,user3
582,28,62525,73,241.13,user1
583,43,63669,85,76.56,user3
584,34,71103,1,243.16,user2
585,20,43482,47,254.23,user3
586,18,27021,94,229.03,user1
587,30,24293,71,225.65,user1
588,49,50025,0,304.98,user1
589,20,76446,98,96.43,user2
590,50,38919,97,320.84,user3
591,57,99468,1,23.0,user1
592,32,38144,99,218.41,user2
593,18,38534,69,264.54,user2
594,20,83511,8,321.79,user1
595,27,55618,96,75.95,user1
596,20,82237,33,116.88,user3
597,26,54807,85,128.75,user1
598,57,67008,77,101.74,user3
599,20,41534,63,413.25,user2
600,44,20335,17,271.14,user1
601,53,43727,72,254.85,user2
602,23,71250,84,305.79,user2
603,48,29323,14,411.43,user1
604,52,51689,33,318.14,user2
605,52,58635,29,474.17,user1
606,42,65336,78,446.55,user1
607,28,87961,83,362.05,user2
608,26,81546,32,129.98,user2
609,46,67163,30,148.52,user2
610,19,50924,31,418.29,user2
611,34,64918,89,207.87,user2
612,49,80717,31,100.24,user3
613,37,33693,19,374.91,user1
614,46,73333,25,92.89,user2
615,18,20322,42,362.41,user3
616,26,88367,37,253.33,user3
617,19,21400,36,265.39,user3
618,43,36253,14,11.4,user3
619,22,78251,90,427.59,user1
620,43,99216,19,56.52,user1
621,41,63369,33,317.55,user1
622,40,47568,1,497.72,user3
623,24,62826,43,270.67,user1
624,39,49829,69,347.73,user3
625,20,89641,83,380.06,user2
626,23,28527,48,27.06,user2
627,27,77725,64,315.08,user1
628,47,49849,83,464.2,user3
629,46,57029,54,198.52,user1
630,36,34021,30,403.65,user3
631,31,51744,43,123.49,user1
632,41,92581,9,185.53,user2
633,34,61631,2,29.74,user2
634,46,87572,13,145.77,user2
635,28,73654,64,452.44,user1
636,35,65256,42,90.72,user1
637,30,37243,7,370.42,user3
638,38,71477,99,490.5,user3
639,46,98583,59,273.76,user3
640,34,96829,60,336.06,user1
641,27,69609,91,157.43,user1
642,36,40785,16,49.82,user3
643,21,64719,41,185.06,user3
644,42,80601,33,99.47,user3
645,28,63455,31,436.17,user1
646,37,80130,4,257.73,user2
647,30,42102,37,203.62,user1
648,24,98732,75,290.08,user1
649,34,40902,85,69.88,user1
650,57,54150,73,158.73,user1
651,43,81173,83,227.32,user2
652,49,48263,66,82.89,user3
653,43,58237,9,363.88,user2
654,54,34623,70,237.41,user3
655,35,31969,65,334.11,user2
656,53,71647,3,256.41,user2
657,18,78890,75,293.56,user2
658,50,43469,23,300.06,user2
659,52,45946,1,374.64,user2
660,43,51418,19,190.21,user2
661,31,78316,73,24.36,user1
662,50,34810,96,383.19,user2
663,48,45581,67,147.83,user2
664,45,22377,95,490.29,user3
665,37,98649,35,210.98,user3
666,33,21840,80,156.7,user3
667,19,82053,66,212.65,user3
668,44,70219,18,361.35,user1
669,18,94637,26,11.43,user2
670,18,94225,18,247.96,user1
671,45,33287,0,17.18,user1
672,59,96866,70,7.43,user2
673,54,68075,43,125.77,user3
674,45,91165,5,322.15,user1
675,26,71809,89,17.19,user3
676,42,86306,67,395.38,user1
677,56,24062,52,321.91,user1
678,29,31427,53,411.55,user2
679,39,58768,99,350.56,user3
680,29,57365,42,267.71,user2
681,50,58143,27,457.17,user2
682,57,75177,38,277.77,user2
683,50,74476,55,45.48,user2
684,21,35786,63,14.35,user1
685,23,22460,7,470.21,user1
686,26,38665,61,132.05,user2
687,30,83626,21,87.01,user1
688,52,45347,3,270.96,user2
689,30,90374,4,109.94,user1
690,44,53837,20,186.6,user2
691,51,22483,66,405.6,user3
692,25,76249,47,217.03,user1
693,23,76913,56,420.1,user1
694,44,93112,45,272.38,user3
695,54,74616,69,128.7,user2
696,24,61552,86,5.11,user1
697,41,97064,26,15.51,user1
698,45,53820,97,273.52,user3
699,33,68382,49,382.09,user1
700,44,35976,62,383.2,user3
701,27,98673,66,438.78,user1
702,29,97877,2,29.27,user2
703,25,56161,86,441.82,user1
704,33,39955,82,205.91,user2
705,30,98268,66,465.01,user3
706,56,72833,49,482.46,user1
707,41,99693,98,174.89,user2
708,43,87217,1,292.96,user3
709,37,50281,24,246.81,user3
710,40,87561,91,37.91,user3
711,26,48620,35,141.38,user3
712,47,41505,76,308.4,user2
713,43,58618,54,338.77,user3
714,38,98682,51,320.84,user1
715,42,39317,67,39.09,user1
716,20,37926,38,351.31,user2
717,25,44067,91,68.57,user1
718,41,87722,14,426.09,user3
719,55,79737,75,477.33,user2
720,30,37625,12,133.41,user1
721,51,86372,88,6.2,user3
722,45,33450,60,104.97,user3
723,22,25237,60,39.57,user1
724,24,30307,60,64.33,user1
725,49,50524,79,100.74,user2
726,48,60326,18,209.53,user2
727,31,41069,48,447.07,user1
728,38,21218,70,149.51,user2
729,20,39194,27,466.04,user3
730,30,61991,37,244.23,user3
731,20,92122,96,16.13,user1
732,49,40672,54,56.81,user1
733,44,68646,20,391.5,user1
734,21,73100,3,92.84,user2
735,24,74764,9,237.0,user2
736,33,54744,91,320.77,user2
737,57,21751,29,77.35,user3
738,21,68101,17,451.8,user3
739,41,42804,32,16.91,user2
740,32,53906,97,455.26,user2
741,19,45947,35,484.61,user3
742,36,36910,20,408.81,user3
743,29,58098,73,352.26,user2
744,52,30062,1,369.65,user3
745,21,89046,96,65.0,user1
746,48,36903,1,186.39,user1
747,30,73184,12,94.57,user2
748,39,93553,73,401.84,user1
749,59,69509,43,136.27,user1
750,53,96696,2,82.91,user1
751,40,86035,30,203.41,user3
752,31,79703,9,306.64,user1
753,39,69893,88,452.45,user1
754,38,58110,61,192.93,user3
755,26,23686,43,358.22,user3
756,27,82117,26,40.86,user2
757,51,53422,7,92.96,user1
758,35,24399,81,278.6,user1
759,23,61738,46,257.36,user2
760,25,87134,35,49.8,user3
761,49,99385,11,256.99,user1
762,37,65391,84,31.72,user3
763,34,35675,6,384.41,user2
764,22,49660,50,358.77,user2
765,50,57479,38,15.62,user2
766,58,42792,53,472.55,user3
767,23,49240,87,231.61,user1
768,29,60238,87,156.23,user3
769,23,20337,88,423.08,user1
770,46,78345,81,371.28,user1
771,31,47641,44,268.89,user1
772,38,92765,41,411.19,user2
773,33,46739,56,40.7,user2
774,50,56726,8,296.58,user2
775,37,29430,39,120.4,user2
776,41,68195,80,120.88,user2
777,35,43662,39,113.23,user3
778,22,97244,24,198.49,user3
779,37,69452,98,126.93,user1
780,47,23377,95,285.98,user3
781,19,68303,78,100.68,user2
782,23,67657,83,118.27,user2
783,38,21517,35,276.65,user2
784,40,86736,44,9.53,user3
785,22,51629,53,430.23,user1
786,24,99760,96,276.9,user1
787,24,69394,17,188.36,user1
788,43,44707,77,96.44,user2
789,46,49210,31,41.65,user3
790,37,78900,5,384.86,user3
791,39,50319,98,123.78,user3
792,33,94338,95,258.47,user2
793,42,95023,80,240.73,user3
794,43,60038,5,151.91,user1
795,57,21127,60,331.11,user2
796,52,49201,32,317.9,user2
797,24,64065,77,349.69,user2
798,19,24546,15,169.43,user2
799,22,53406,15,397.1,user3
800,21,41541,63,110.91,user2
801,18,91985,29,430.15,user2
802,28,70374,39,346.73,user2
803,29,57295,22,99.28,user1
804,57,44991,90,424.15,user1
805,34,76584,86,155.5,user1
806,25,25978,26,269.69,user1
807,21,53567,42,41.63,user2
808,45,91145,79,445.75,user1
809,31,49695,32,325.66,user1
810,24,50415,80,329.52,user2
811,51,22793,15,306.12,user2
812,52,63211,69,461.82,user2
813,28,59216,68,70.79,user3
814,24,82328,32,439.32,user2
815,23,79690,75,256.14,user3
816,46,68850,77,212.83,user1
817,24,91300,19,495.97,user2
818,42,65431,65,219.59,user2
819,26,43180,50,130.69,user1
820,24,36157,23,111.95,user3
821,28,22710,67,409.98,user3
822,22,72796,43,419.84,user3
823,32,38078,5,247.07,user3
824,41,38463,95,363.3,user3
825,56,27206,13,207.2,user1
826,37,72671,16,450.01,user1
827,31,62593,66,440.07,user1
828,58,69330,87,235.44,user2
829,27,27989,3,335.7,user1
830,20,43516,9,360.01,user1
831,19,26809,15,353.87,user1
832,39,40247,25,37.23,user3
833,39,86314,33,72.54,user2
834,35,41513,79,36.05,user1
835,20,26013,38,444.14,user3
836,37,32640,4,53.54,user1
837,18,27349,34,395.8,user2
838,40,79245,90,21.74,user1
839,18,92802,17,130.3,user3
840,24,50139,35,134.05,user1
841,53,26506,82,14.16,user1
842,43,67716,82,170.28,user1
843,46,26378,23,121.49,user3
844,44,37297,25,497.23,user3
845,33,33021,91,330.68,user3
846,23,44405,17,180.97,user1
847,55,53217,68,114.15,user2
848,26,39888,17,431.73,user1
849,45,38320,37,414.43,user3
850,25,69855,68,294.23,user3
851,22,58121,98,19.54,user2
852,55,57730,89,27.18,user2
853,20,46251,7,326.22,user3
854,48,50007,46,135.24,user3
855,32,29744,99,114.33,user3
856,34,22845,40,80.28,user1
857,58,30498,68,352.96,user1
858,43,48954,99,217.35,user1
859,41,94028,67,455.42,user1
860,37,43382,17,374.13,user2
861,48,52554,30,221.92,user1
862,27,52962,88,72.15,user2
863,20,85483,7,163.24,user2
864,36,31183,27,442.72,user3
865,43,94428,41,292.36,user3
866,49,26019,9,432.93,user1
867,39,38846,27,361.48,user3
868,46,60005,14,203.25,user3
869,25,44783,7,71.04,user3
870,22,31879,0,334.79,user2
871,19,29512,5,71.26,user1
872,47,33080,39,276.32,user2
873,34,27562,84,16.34,user1
874,49,85290,0,271.17,user3
875,54,67974,75,60.44,user2
876,44,31109,43,261.29,user3
877,27,63906,3,52.55,user2
878,18,26811,32,463.53,user1
879,45,71173,65,57.87,user3
880,58,49743,66,155.12,user2
881,51,50518,23,201.11,user1
882,43,22249,28,165.11,user1
883,26,87203,14,63.84,user1
884,47,56527,95,405.08,user1
885,56,30513,37,143.94,user2
886,22,38524,34,38.81,user1
887,38,56398,84,276.79,user1
888,28,46622,90,352.73,user3
889,33,79211,72,194.74,user3
890,45,94394,21,467.85,user3
891,26,21795,13,186.8,user1
892,25,84375,22,461.08,user3
893,45,63384,87,497.17,user2
894,31,88436,58,190.71,user1
895,27,57357,97,176.23,user2
896,36,75182,79,68.84,user3
897,58,57518,88,287.63,user3
898,31,68229,86,490.2,user3
899,32,69631,54,87.83,user3
900,59,51193,93,130.6,user3
901,53,92598,96,23.27,user1
902,31,86453,5,336.7,user3
903,22,21748,3,299.51,user3
904,24,98957,58,42.33,user1
905,46,92306,71,207.07,user1
906,39,84927,23,386.16,user1
907,38,28693,86,281.71,user2
908,27,20844,77,164.98,user3
909,45,59446,28,97.99,user3
910,25,30585,76,32.82,user1
911,24,77174,31,22.25,user3
912,29,22787,53,433.83,user3
913,50,51952,2,49.5,user2
914,48,40539,35,154.55,user3
915,34,82376,72,394.26,user1
916,50,58412,62,121.63,user3
917,27,77058,75,474.31,user3
918,35,90961,43,66.42,user2
919,37,93079,41,209.33,user2
920,59,24310,70,200.41,user1
921,20,98915,25,205.71,user2
922,46,20219,50,362.99,user2
923,58,51748,94,245.58,user1
924,36,80026,92,193.89,user1
925,35,63962,18,428.26,user2
926,48,42255,9,118.23,user2
927,24,63787,66,373.16,user3
928,27,88854,30,229.19,user2
929,59,93936,96,294.41,user2
930,31,77483,97,431.69,user1
931,49,79583,59,9.82,user2
932,20,53148,10,390.1,user1
933,24,97119,66,123.85,user2
934,31,27286,18,330.56,user1
935,33,68534,2,189.6,user1
936,31,38801,73,6.15,user3
937,28,42238,68,247.47,user3
938,35,64273,39,445.66,user2
939,31,84834,36,415.37,user3
940,41,88645,19,101.79,user2
941,39,38304,46,313.58,user1
942,25,64547,53,458.1,user3
943,21,25986,40,399.16,user3
944,28,91448,14,114.85,user3
945,50,79097,73,267.0,user2
946,21,53742,49,9.41,user1
947,39,46502,37,110.76,user2
948,22,28668,12,28.3,user3
949,45,43909,6,16.96,user2
950,19,70099,60,381.7,user1
951,58,86038,99,162.39,user1
952,56,59790,42,59.59,user2
953,27,38494,59,158.54,user3
954,26,36509,0,316.33,user2
955,47,83722,96,141.08,user1
956,47,94851,8,288.82,user1
957,58,91451,83,16.19,user1
958,35,29445,18,67.29,user1
959,56,75543,82,380.16,user3
960,47,49281,90,448.36,user3
961,52,47986,43,235.94,user3
962,32,87681,35,268.5,user2
963,22,67177,38,105.24,user1
964,52,68843,3,56.28,user1
965,54,78880,46,447.79,user1
966,58,36352,31,362.53,user2
967,48,53059,16,154.53,user2
968,44,99908,97,35.78,user1
969,27,83555,34,483.17,user2
970,22,88085,5,280.96,user1
971,40,30784,65,89.29,user2
972,59,61969,4,373.01,user3
973,58,35417,27,70.7,user1
974,27,49142,54,190.55,user1
975,33,34426,0,408.28,user1
976,59,40923,91,424.83,user2
977,19,64210,54,66.14,user1
978,57,24836,54,171.68,user1
979,30,50226,65,200.0,user3
980,28,22183,72,286.06,user1
981,42,94524,1,124.46,user1
982,57,59182,58,465.9,user3
983,38,30222,88,260.17,user1
984,32,74093,0,312.19,user2
985,18,94613,3,460.73,user3
986,25,80118,67,328.7,user1
987,27,43680,37,261.46,user2
988,20,75345,30,314.23,user1
989,20,34513,62,63.17,user2
990,34,82294,59,266.12,user1
991,40,61225,34,419.92,user3
992,53,27204,88,250.17,user3
993,25,28019,93,160.58,user3
994,19,51974,88,52.78,user2
995,58,36205,70,419.23,user3
996,48,98723,56,160.18,user2
997,43,20335,62,203.1,user1
998,50,31695,44,395.44,user1
999,53,82814,96,371.2,user2
1000,51,26633,11,408.11,user1
1001,26,68595,88,324.62,user1
1002,37,57773,36,193.9,user2
1003,31,26013,0,172.6,user3
1004,40,92481,98,150.79,user2
1005,46,89911,4,326.43,user1
1006,33,40682,85,368.05,user3
1007,26,97512,20,131.11,user3
1008,56,84430,67,86.32,user1
1009,55,53739,52,72.83,user1
1010,26,74995,53,175.89,user2
1011,53,46430,73,241.83,user2
1012,46,39009,95,451.07,user1
1013,24,73400,6,490.9,user2
1014,41,48969,63,318.59,user1
1015,22,62734,77,73.6,user2
1016,54,93879,85,201.34,user2
1017,59,92250,95,469.83,user1
1018,26,64243,22,293.62,user3
1019,29,95700,9,253.39,user3
1020,32,22768,95,387.46,user1
1021,57,51671,21,166.73,user2
1022,27,77091,91,373.37,user1
1023,47,21430,5,370.83,user2
1024,45,34354,2,221.62,user1
1025,59,66321,31,13.34,user1
1026,54,52863,25,179.87,user2
1027,40,95615,30,433.48,user2
1028,49,44523,39,408.94,user1
1029,33,91576,16,301.71,user1
1030,22,34193,62,185.83,user3
1031,54,55925,44,47.11,user1
1032,45,95002,85,86.18,user3
1033,50,70735,18,77.18,user3
1034,43,77698,99,280.78,user1
1035,26,48546,27,475.29,user2
1036,36,21284,40,118.79,user3
1037,43,52953,17,293.53,user2
1038,23,92025,17,47.16,user3
1039,36,35620,68,480.99,user3
1040,31,39948,0,100.76,user1
1041,56,27018,48,343.65,user2
1042,33,34347,5,356.34,user2
1043,51,55106,83,43.5,user2
1044,25,57465,30,220.8,user3
1045,34,99852,6,87.96,user3
1046,18,49157,69,284.68,user2
1047,25,73430,48,161.67,user1
1048,18,41559,50,165.39,user3
1049,54,89409,88,485.04,user2
1050,25,82229,83,359.78,user3
1051,18,27412,28,160.51,user2
1052,20,30005,39,350.38,user2
1053,55,76811,19,259.75,user1
1054,38,65500,58,483.16,user3
1055,34,85907,59,5.13,user3
1056,22,62077,27,448.89,user1
1057,27,49551,90,270.54,user3
1058,23,37839,5,422.24,user1
1059,58,63168,69,376.58,user2
1060,25,32807,81,464.27,user2
1061,23,32230,88,238.08,user2
1062,22,54517,66,274.96,user2
1063,24,35389,68,499.72,user3
1064,38,52198,54,443.25,user3
1065,53,85863,79,186.82,user2
1066,43,86859,69,225.0,user3
1067,18,83128,14,167.8,user3
1068,41,48840,35,281.48,user2
1069,39,69679,41,83.94,user1
1070,53,87823,63,404.44,user3
1071,37,49326,86,487.57,user2
1072,50,51560,37,279.0,user2
1073,21,95439,3,375.02,user2
1074,34,50216,96,93.73,user1
1075,26,20966,0,330.77,user1
1076,34,79801,67,108.92,user1
1077,18,23342,27,143.69,user2
1078,44,21670,28,360.76,user1
1079,20,51556,7,45.37,user1
1080,41,72429,48,129.54,user2
1081,27,70128,56,39.27,user3
1082,51,61902,5,484.05,user2
1083,25,84056,26,313.31,user2
1084,39,93926,71,198.53,user2
1085,51,96995,27,6.22,user3
1086,18,26583,10,456.45,user1
1087,36,68675,76,403.96,user1
1088,46,75747,72,128.62,user1
1089,53,39570,1,91.99,user3
1090,54,90398,1,74.05,user1
1091,49,94665,30,406.69,user2
1092,58,35404,34,53.29,user1
1093,36,96130,79,356.64,user1
1094,19,28418,89,56.81,user3
1095,32,80288,34,156.3,user1
1096,47,66568,30,255.64,user3
1097,41,53512,22,198.11,user1
1098,26,61840,92,196.66,user1
1099,38,26535,66,499.53,user1
1100,58,23054,84,366.93,user2
1101,37,21295,95,135.16,user1
1102,48,55005,86,428.39,user3
1103,19,56957,13,446.06,user3
1104,48,78679,86,451.46,user2
1105,51,84357,65,401.16,user3
1106,59,74802,0,28.18,user1
1107,32,92029,14,475.41,user3
1108,18,43655,30,150.64,user2
1109,42,96304,16,277.42,user1
1110,53,99044,91,74.94,user1
1111,42,69099,39,95.77,user3
1112,24,32697,26,305.0,user3
1113,41,83539,26,463.18,user3
1114,53,22105,21,12.12,user2
1115,41,36215,54,177.17,user2
1116,50,94183,48,401.02,user3
1117,32,56888,98,59.1,user3
1118,27,77855,63,223.88,user1
1119,47,24526,88,470.74,user3
1120,52,92060,19,25.85,user1
1121,49,53890,92,400.39,user2
1122,46,69053,87,337.68,user1
1123,51,85532,25,221.67,user3
1124,38,84180,60,29.73,user3
1125,33,92980,70,484.75,user3
1126,50,71554,5,489.0,user1
1127,40,36156,78,290.92,user1
1128,37,48709,39,409.08,user1
1129,31,54093,55,426.72,user2
1130,21,40428,23,170.73,user2
1131,34,94805,95,113.91,user2
1132,49,48383,80,438.49,user2
1133,56,62351,20,81.38,user1
1134,36,72530,11,208.63,user3
1135,26,55754,86,160.94,user3
1136,31,81418,69,29.94,user1
1137,55,55664,0,446.43,user3
1138,34,60614,89,67.67,user3
1139,34,80405,29,387.25,user2
1140,28,87868,28,262.45,user3
1141,19,37144,92,135.15,user1
1142,20,72403,78,450.2,user3
1143,29,45591,65,353.13,user3
1144,36,87367,15,122.74,user3
1145,40,63427,38,185.89,user2
1146,21,85651,59,439.7,user2
1147,44,43527,58,361.88,user3
1148,41,45898,85,469.63,user2
1149,36,87853,12,176.12,user3
1150,34,30510,3,19.19,user1
1151,33,95985,13,109.98,user2
1152,53,91984,6,290.55,user3
1153,39,74317,39,98.38,user1
1154,32,54831,10,134.56,user2
1155,53,59305,84,383.11,user3
1156,24,98437,22,166.76,user2
1157,22,52190,0,339.22,user2
1158,52,62017,96,150.53,user3
1159,57,79495,49,36.28,user2
1160,46,86874,14,243.29,user3
1161,51,32661,81,144.52,user1
1162,30,28398,71,450.88,user2
1163,28,35452,71,66.97,user2
1164,29,54855,58,285.99,user1
1165,23,30631,0,232.19,user3
1166,49,85600,56,349.26,user1
1167,29,41976,71,270.46,user2
1168,30,89906,78,86.65,user3
1169,48,30255,2,181.07,user2
1170,48,82058,68,376.89,user1
1171,32,93139,10,92.98,user2
1172,18,80751,68,246.54,user1
1173,25,36811,50,138.13,user2
1174,46,82440,46,491.38,user2
1175,59,93309,4,7.07,user1
1176,18,96656,14,356.45,user3
1177,39,20571,80,298.2,user3
1178,22,99772,50,18.99,user1
1179,33,30998,3,76.98,user2
1180,38,74780,15,425.45,user3
1181,50,38369,96,351.3,user3
1182,45,31976,39,402.32,user3
1183,39,79379,2,211.03,user3
1184,47,59400,9,180.42,user1
1185,54,37895,84,292.9,user2
1186,29,31162,54,124.1,user3
1187,36,88171,11,419.49,user1
1188,30,68842,5,154.31,user2
1189,22,23529,94,301.33,user2
1190,28,96844,87,400.13,user1
1191,40,66100,61,235.47,user1
1192,39,30657,40,191.36,user3
1193,34,55569,61,35.83,user2
1194,29,24094,27,97.91,user3
1195,59,58201,58,372.59,user3
1196,40,82684,50,149.47,user2
1197,48,96234,56,236.19,user2
1198,45,93514,4,20.34,user1
1199,36,59579,93,202.2,user3
1200,56,58741,10,492.73,user1
1201,45,23693,52,314.11,user3
1202,44,69441,56,193.98,user1
1203,37,23601,68,390.57,user1
1204,38,28128,73,287.47,user1
1205,52,51826,90,71.26,user3
1206,50,45741,38,476.13,user2
1207,26,45905,9,386.93,user1
1208,27,50645,82,217.49,user1
1209,35,36321,3,272.19,user1
1210,49,50921,57,83.55,user2
1211,38,23416,26,178.69,user3
1212,48,40317,36,384.19,user1
1213,28,51380,57,443.57,user1
1214,58,69415,9,41.55,user1
1215,18,27534,95,418.66,user1
1216,51,71262,76,279.22,user2
1217,50,80457,45,77.92,user2
1218,32,96613,89,403.5,user1
1219,42,72428,71,482.41,user3
1220,33,77503,85,418.59,user1
1221,42,91011,59,476.2,user1
1222,58,90372,35,46.03,user2
1223,46,40647,15,152.92,user1
1224,42,64548,52,127.89,user3
1225,51,81460,15,464.83,user3
1226,50,78714,90,73.6,user1
1227,33,57598,98,201.76,user2
1228,26,86525,57,317.73,user2
1229,20,54022,82,427.19,user1
1230,56,35309,62,239.51,user3
1231,41,29078,58,159.54,user1
1232,19,84641,20,181.69,user1
1233,47,47210,79,218.04,user1
1234,53,40319,84,253.31,user1
1235,59,23189,69,54.0,user2
1236,50,91125,26,490.97,user1
1237,51,55616,0,215.44,user1
1238,36,40722,51,203.6,user1
1239,43,52741,22,59.68,user3
1240,52,71852,66,432.16,user3
1241,32,32033,47,265.09,user3
1242,47,30227,4,8.81,user1
1243,37,42314,57,226.4,user3
1244,31,69381,71,372.45,user1
1245,38,67661,37,142.48,user2
1246,31,92841,15,140.01,user1
1247,46,91353,50,299.46,user3
1248,57,97338,94,389.9,user1
1249,58,46557,56,114.1,user3
1250,28,56136,0,462.15,user2
1251,31,52008,64,440.19,user3
1252,30,61720,63,258.67,user1
1253,30,85974,29,317.99,user1
1254,18,50913,65,17.8,user1
1255,48,65681,88,464.17,user1
1256,25,84293,84,315.93,user2
1257,33,94317,35,313.89,user1
1258,26,80419,59,155.42,user2
1259,49,44351,67,374.85,user3
1260,41,83104,51,167.53,user2
1261,52,56828,52,351.83,user1
1262,23,98858,77,26.09,user2
1263,30,48175,47,283.03,user1
1264,25,35360,17,374.83,user3
1265,27,99876,52,236.33,user1
1266,32,48665,24,84.25,user3
1267,28,83366,7,292.05,user3
1268,30,92925,30,423.71,user2
1269,27,27877,46,404.33,user3
1270,19,60588,25,290.62,user3
1271,36,67083,36,173.72,user1
1272,18,51684,17,279.06,user3
1273,24,88370,84,464.11,user1
1274,36,45243,27,49.88,user2
1275,55,78897,41,404.71,user1
1276,47,76031,4,375.95,user3
1277,40,28869,11,98.78,user1
1278,57,65548,91,386.77,user1
1279,53,30296,91,253.19,user1
1280,39,48971,20,102.81,user3
1281,18,58568,66,119.72,user3
1282,57,98090,75,221.49,user3
1283,24,25161,8,81.53,user1
1284,47,28714,81,73.16,user3
1285,19,80274,57,133.41,user3
1286,20,92637,69,101.71,user2
1287,42,40933,36,276.11,user3
1288,58,66605,47,129.99,user3
1289,53,23929,89,449.82,user1
1290,41,30582,52,243.6,user1
1291,57,95660,79,262.07,user2
1292,27,40333,20,280.81,user1
1293,52,85010,49,104.03,user3
1294,20,56328,68,479.68,user1
1295,23,68447,96,306.15,user3
1296,54,91627,22,392.04,user3
1297,27,81299,6,367.09,user3
1298,50,88912,86,314.88,user2
1299,39,96889,54,204.93,user1
1300,48,64409,87,191.05,user1
1301,25,57707,57,342.02,user2
1302,59,97447,43,359.31,user1
1303,26,60201,14,219.7,user3
1304,26,85482,12,228.63,user3
1305,20,76400,29,14.11,user2
1306,33,56536,68,134.83,user3
1307,50,55431,29,470.09,user3
1308,59,71943,42,463.71,user3
1309,32,56860,27,472.82,user3
1310,58,83192,95,274.27,user2
1311,55,70022,12,326.13,user2
1312,50,50266,51,85.27,user3
1313,39,49084,46,269.1,user2
1314,43,95104,52,234.73,user3
1315,51,90611,32,150.97,user3
1316,52,66186,90,372.76,user1
1317,45,72441,77,77.24,user2
1318,58,84701,55,318.96,user3
1319,31,33864,90,373.02,user3
1320,35,20960,64,377.85,user3
1321,44,76592,49,221.95,user2
1322,38,54080,8,451.51,user1
1323,57,28724,43,148.44,user2
1324,44,43015,32,403.04,user1
1325,43,58201,36,181.77,user3
1326,46,43825,20,262.28,user3
1327,32,93438,38,125.35,user1
1328,31,36268,42,417.19,user3
1329,20,70806,64,485.84,user1
1330,23,52737,69,150.04,user2
1331,45,93414,49,189.06,user1
1332,55,78781,55,85.23,user2
1333,18,36881,37,456.14,user1
1334,41,46369,40,65.16,user2
1335,25,54353,90,175.55,user2
1336,42,85355,43,394.06,user2
1337,44,44058,11,290.92,user1
1338,51,44417,61,70.83,user3
1339,39,45163,98,42.29,user2
1340,22,46485,81,148.41,user2
1341,33,65787,94,188.84,user3
1342,56,86629,82,340.64,user3
1343,58,21218,82,130.19,user3
1344,43,93479,1,246.9,user1
1345,22,22068,20,270.61,user1
1346,32,60955,62,429.18,user1
1347,41,95394,75,88.95,user2
1348,54,69919,16,37.62,user1
1349,57,49236,11,299.76,user3
1350,22,79653,9,437.68,user3
1351,29,84092,48,111.31,user3
1352,42,48583,44,105.45,user1
1353,18,92435,61,57.85,user2
1354,58,41207,56,473.07,user2
1355,58,28159,95,334.49,user1
1356,33,68755,1,97.27,user3
1357,29,39462,62,47.64,user1
1358,42,82672,31,274.28,user1
1359,30,88902,66,141.37,user2
1360,37,94883,67,147.39,user3
1361,52,26484,6,371.09,user3
1362,32,97410,88,316.33,user2
1363,54,96791,82,399.83,user2
1364,39,33110,60,363.56,user1
1365,36,91707,32,116.62,user2
1366,31,34578,29,417.46,user2
1367,46,96933,57,289.12,user2
1368,30,96010,58,307.05,user1
1369,23,97614,75,403.14,user2
1370,51,27813,43,332.31,user2
1371,36,72590,98,117.96,user1
1372,25,40730,15,257.95,user2
1373,41,21446,55,377.24,user1
1374,27,59333,94,131.36,user2
1375,53,32714,88,116.56,user2
1376,40,30302,41,142.5,user2
1377,35,80877,37,314.35,user2
1378,58,61515,38,135.67,user1
1379,38,95917,63,56.12,user1
1380,43,45176,47,202.64,user3
1381,28,56675,88,324.65,user2
1382,22,86403,16,83.77,user3
1383,19,41778,47,274.86,user2
1384,35,60509,76,357.16,user2
1385,43,63989,1,388.55,user1
1386,48,98127,19,93.84,user2
1387,56,43106,29,383.64,user3
1388,28,52192,26,138.41,user3
1389,23,92114,51,178.49,user1
1390,39,56666,10,395.62,user2
1391,29,36264,73,141.45,user1
1392,35,45196,89,279.9,user2
1393,39,68850,54,357.33,user2
1394,24,25037,54,104.3,user3
1395,30,75785,20,462.46,user3
1396,30,55100,90,298.64,user1
1397,37,96028,37,292.09,user3
1398,22,69104,27,301.74,user3
1399,28,27782,12,377.3,user1
1400,58,36871,40,459.76,user1
1401,30,60001,1,417.62,user1
1402,19,89083,47,73.42,user2
1403,45,81695,81,108.01,user3
1404,33,82716,23,132.52,user2
1405,46,28385,71,263.19,user3
1406,33,41739,17,366.69,user3
1407,34,70160,75,262.26,user3
1408,58,27479,48,246.01,user2
1409,51,95880,87,148.75,user2
1410,24,63046,4,116.26,user2
1411,28,84811,37,346.47,user2
1412,51,82433,89,38.93,user1
1413,39,66079,33,94.81,user1
1414,25,67552,74,74.71,user1
1415,48,96801,8,79.5,user2
1416,32,92970,20,156.73,user1
1417,48,57372,30,438.72,user3
1418,58,97590,71,170.1,user2
1419,55,93380,64,432.65,user2
1420,29,85114,64,350.38,user2
1421,31,61252,35,466.34,user3
1422,26,85028,89,204.93,user1
1423,34,92677,16,207.37,user2
1424,45,63674,59,358.98,user1
1425,23,66588,36,342.96,user3
1426,24,35793,76,487.61,user1
1427,23,27533,6,178.77,user1
1428,29,38634,14,97.49,user2
1429,34,31957,93,111.98,user3
1430,54,44996,0,138.3,user1
1431,18,42234,28,112.39,user1
1432,57,82493,22,143.92,user1
1433,41,97833,19,442.13,user2
1434,25,87581,19,478.56,user2
1435,29,88807,3,222.13,user2
1436,56,34837,46,206.54,user1
1437,23,23035,61,83.88,user3
1438,34,23641,23,220.76,user2
1439,56,71183,16,415.02,user3
1440,21,87991,1,138.23,user1
1441,29,59737,34,248.25,user1
1442,20,80442,66,384.73,user2
1443,33,99924,64,139.79,user3
1444,26,95748,60,78.4,user2
1445,32,77326,2,380.15,user1
1446,51,41847,16,54.4,user3
1447,27,78123,83,248.68,user2
1448,20,62299,96,73.96,user1
1449,25,27512,33,197.0,user3
1450,43,34384,3,400.22,user1
1451,45,61933,5,111.41,user3
1452,34,36244,30,489.06,user2
1453,23,76371,69,7.28,user3
1454,56,25313,66,90.19,user2
1455,26,23825,13,32.15,user3
1456,53,42758,9,63.85,user3
1457,52,70293,10,412.65,user3
1458,44,26247,47,241.86,user1
1459,26,87283,34,259.48,user2
1460,18,22542,26,174.38,user1
1461,28,41889,40,91.98,user2
1462,52,48393,79,418.61,user3
1463,50,54631,7,109.46,user2
1464,53,55350,13,245.42,user1
1465,22,49064,79,445.32,user1
1466,57,28185,43,143.55,user1
1467,45,97908,6,212.33,user1
1468,51,48584,16,437.5,user2
1469,46,87615,49,352.93,user2
1470,36,95229,33,315.55,user2
1471,24,43877,17,87.18,user1
1472,55,56521,92,438.6,user3
1473,47,54848,64,292.52,user3
1474,21,40803,68,485.08,user2
1475,31,99831,21,316.12,user2
1476,48,92482,23,384.27,user2
1477,29,45761,64,311.07,user2
1478,23,40304,68,92.41,user3
1479,55,95656,33,352.86,user1
1480,49,48333,83,310.65,user1
1481,19,94856,9,470.63,user2
1482,29,31627,45,182.26,user3
1483,19,49407,33,174.59,user2
1484,55,57918,95,89.24,user2
1485,55,64348,28,114.18,user2
1486,44,38124,65,222.74,user2
1487,30,57850,4,443.58,user3
1488,41,60263,71,226.12,user3
1489,53,24588,2,120.82,user3
1490,26,96945,51,265.08,user3
1491,58,87921,69,354.58,user2
1492,27,88334,76,100.21,user2
1493,21,71660,62,140.07,user2
1494,35,80161,98,483.34,user1
1495,45,33240,40,446.33,user1
1496,40,34497,65,155.59,user3
1497,55,45287,69,475.56,user2
1498,33,37964,73,275.42,user1
1499,29,86587,44,30.02,user2
1500,37,24998,2,98.38,user2
1501,27,67837,1,111.43,user1
1502,59,63144,67,214.96,user1
1503,37,99283,39,181.64,user2
1504,19,26739,6,346.26,user1
1505,26,67215,88,337.64,user3
1506,19,44279,29,438.0,user1
1507,33,29177,50,67.31,user1
1508,51,46329,23,492.92,user1
1509,23,75421,77,21.62,user2
1510,34,60886,73,437.26,user3
1511,47,86196,18,165.91,user3
1512,45,39348,24,477.51,user2
1513,20,42826,36,196.17,user1
1514,57,96017,44,238.94,user1
1515,41,71529,90,291.33,user2
1516,56,94238,65,146.48,user2
1517,28,41885,67,303.45,user1
1518,33,71034,39,208.78,user1
1519,31,80975,29,446.21,user3
1520,38,37581,92,214.17,user2
1521,33,39224,54,176.25,user2
1522,29,56767,0,443.63,user1
1523,56,84192,69,420.9,user3
1524,57,83627,48,250.6,user1
1525,45,38862,32,319.15,user1
1526,28,97516,39,102.91,user2
1527,59,97962,34,69.2,user3
1528,51,50724,18,489.73,user1
1529,31,97132,29,110.02,user2
1530,54,45979,10,438.34,user1
1531,48,81937,58,381.91,user3
1532,26,97334,48,431.34,user1
1533,57,35653,29,473.21,user1
1534,54,49862,0,172.08,user2
1535,19,72266,87,246.19,user1
1536,22,56741,4,30.49,user2
1537,38,39360,56,358.03,user2
1538,28,34535,29,326.64,user3
1539,35,64487,45,307.76,user1
1540,55,71540,18,95.96,user2
1541,30,93241,8,163.6,user1
1542,26,92366,44,192.3,user2
1543,32,66721,8,330.85,user2
1544,32,99149,28,90.55,user2
1545,49,79184,7,317.57,user3
1546,31,26936,92,121.57,user3
1547,23,54183,63,210.14,user2
1548,26,70056,56,49.42,user1
1549,45,71760,49,468.21,user3
1550,59,63351,93,198.63,user2
1551,52,88526,60,244.64,user3
1552,42,66356,14,252.88,user1
1553,47,82632,44,224.3,user2
1554,35,84286,95,114.63,user2
1555,57,28591,98,152.85,user3
1556,24,66542,70,160.96,user1
1557,44,22574,75,486.93,user2
1558,56,84756,71,426.18,user2
1559,48,99398,43,433.45,user2
1560,49,35839,77,188.46,user3
1561,26,40042,98,67.27,user3
1562,31,30995,6,355.08,user2
1563,38,84388,87,429.23,user1
1564,18,36330,5,61.62,user1
1565,41,75888,52,178.36,user1
1566,21,41883,4,217.21,user1
1567,23,63686,2,419.07,user2
1568,40,21709,45,373.31,user2
1569,32,49675,6,489.34,user1
1570,20,75869,66,426.03,user2
1571,57,84821,50,343.56,user2
1572,51,42943,40,300.06,user1
1573,34,50548,38,137.92,user3
1574,56,68107,4,45.81,user1
1575,25,32664,33,426.59,user1
1576,56,86502,78,154.5,user2
1577,55,81997,84,340.86,user3
1578,47,76562,35,320.41,user2
1579,50,75440,40,107.63,user3
1580,38,42698,45,195.03,user3
1581,20,88024,42,212.29,user1
1582,26,83085,32,36.65,user1
1583,45,79482,52,5.14,user2
1584,54,88442,57,281.3,user1
1585,53,59493,37,420.4,user3
1586,34,27902,39,152.26,user3
1587,46,97051,89,185.89,user2
1588,49,81175,9,100.89,user3
1589,29,74803,93,391.79,user1
1590,56,61852,51,121.97,user1
1591,31,84489,69,167.1,user1
1592,21,84788,38,393.74,user3
1593,28,43864,79,305.69,user1
1594,59,47408,83,468.03,user3
1595,49,55919,27,338.4,user2
1596,51,99301,48,115.9,user2
1597,38,46890,15,433.14,user1
1598,26,75730,72,126.9,user2
1599,58,87722,6,458.51,user2
1600,20,47473,76,54.69,user2
1601,28,53618,60,487.02,user3
1602,20,24578,77,303.57,user2
1603,22,56071,40,345.95,user2
1604,47,99031,49,331.57,user3
1605,56,26573,22,470.77,user1
1606,38,58549,23,87.3,user1
1607,58,70009,90,50.64,user2
1608,43,87591,20,133.71,user1
1609,42,50111,98,450.58,user3
1610,24,65254,51,75.4,user2
1611,22,35435,13,436.9,user3
1612,46,25293,64,261.37,user1
1613,31,32819,99,133.43,user3
1614,35,81372,60,452.07,user3
1615,46,35258,89,309.49,user3
1616,31,45229,73,454.99,user3
1617,20,95837,61,53.68,user3
1618,54,38000,11,221.41,user2
1619,31,66612,0,490.89,user2
1620,52,87110,64,229.9,user1
1621,35,44179,42,378.84,user2
1622,40,74748,40,171.97,user2
1623,54,94178,42,438.25,user2
1624,36,75520,98,82.81,user1
1625,20,72408,60,223.73,user1
1626,45,76503,98,364.54,user3
1627,48,42761,41,336.33,user2
1628,47,23364,66,379.38,user2
1629,30,44719,66,251.58,user1
1630,57,97683,25,67.67,user3
1631,44,54868,30,119.45,user1
1632,36,46574,99,399.98,user1
1633,39,65213,60,297.82,user1
1634,37,44910,16,6.92,user1
1635,47,30300,22,83.21,user2
1636,48,83672,8,390.24,user3
1637,39,82784,12,476.39,user1
1638,44,62150,88,93.1,user2
1639,44,35888,35,351.96,user1
1640,57,93370,98,65.2,user3
1641,22,27336,14,292.4,user3
1642,48,76459,49,46.13,user2
1643,50,65366,63,343.76,user1
1644,38,99873,20,84.21,user3
1645,37,74788,20,56.08,user1
1646,55,38141,37,166.06,user2
1647,22,64741,57,282.68,user3
1648,51,70129,39,328.65,user1
1649,48,26399,65,69.31,user2
1650,30,59831,31,51.39,user3
1651,42,86363,90,90.13,user2
1652,28,86345,89,348.12,user2
1653,45,75274,98,377.79,user3
1654,49,59675,51,205.73,user1
1655,35,50914,19,449.64,user2
1656,24,98752,71,134.39,user1
1657,19,35327,95,193.8,user2
1658,45,70537,33,493.49,user3
1659,49,84906,14,305.86,user3
1660,45,51366,8,36.59,user1
1661,18,24324,34,102.45,user3
1662,28,30302,59,386.53,user2
1663,59,36562,98,401.43,user1
1664,27,47527,47,261.53,user2
1665,56,45098,4,430.69,user3
1666,35,22072,28,225.46,user3
1667,54,86424,27,359.01,user2
1668,56,85286,1,249.49,user3
1669,50,20706,12,142.82,user1
1670,34,82642,96,383.69,user1
1671,36,96315,91,129.45,user2
1672,19,89799,73,386.34,user3
1673,39,27481,14,101.52,user3
1674,18,64985,88,97.15,user1
1675,30,26974,3,272.44,user2
1676,26,42513,18,475.4,user3
1677,41,45087,98,409.7,user1
1678,24,31447,85,200.57,user3
1679,32,96008,29,430.15,user3
1680,54,58081,53,72.19,user3
1681,56,83743,24,439.28,user1
1682,19,44692,50,489.68,user2
1683,41,88295,83,183.81,user2
1684,20,56124,21,180.13,user1
1685,59,54051,4,296.03,user3
1686,38,57473,48,276.56,user3
1687,46,74291,55,469.59,user1
1688,20,46365,19,404.49,user3
1689,33,86776,57,466.19,user1
1690,30,35699,72,324.16,user1
1691,29,31492,13,166.76,user1
1692,52,86475,47,53.24,user2
1693,50,95028,93,213.24,user2
1694,32,74229,36,473.84,user1
1695,43,39315,6,228.0,user2
1696,40,28847,72,460.26,user2
1697,37,61446,79,408.23,user1
1698,44,81817,16,357.01,user1
1699,47,45325,93,491.73,user1
1700,45,23054,35,125.88,user2
1701,40,57349,86,271.28,user2
1702,18,79680,98,437.14,user2
1703,41,64178,91,153.8,user2
1704,50,79064,14,5.41,user3
1705,42,90772,68,346.46,user2
1706,36,56698,25,360.16,user1
1707,29,98773,23,451.82,user3
1708,41,43271,86,52.53,user3
1709,44,63808,45,203.7,user1
1710,48,84944,96,25.39,user3
1711,26,83868,46,311.83,user2
1712,44,20636,8,296.48,user1
1713,36,63601,56,348.74,user2
1714,32,72701,89,67.07,user3
1715,43,82513,1,166.34,user2
1716,18,40213,96,481.65,user2
1717,38,86788,33,362.67,user3
1718,31,67214,24,62.49,user3
1719,28,56065,57,19.26,user2
1720,36,47030,62,244.24,user2
1721,52,49179,39,27.82,user1
1722,51,74215,71,200.6,user3
1723,58,90961,99,283.53,user2
1724,34,20901,32,431.89,user2
1725,42,95329,50,259.62,user3
1726,57,80380,20,351.76,user3
1727,55,81832,98,393.7,user1
1728,30,79598,0,164.12,user2
1729,19,91821,66,344.09,user2
1730,56,86533,13,247.95,user3
1731,30,64095,68,219.2,user1
1732,25,27330,68,256.99,user2
1733,57,69153,92,237.2,user1
1734,59,88758,66,287.82,user1
1735,29,28903,1,41.37,user3
1736,45,24087,40,218.19,user3
1737,24,65769,3,471.68,user3
1738,37,50661,99,119.4,user2
1739,34,33599,9,29.0,user1
1740,20,32449,3,386.36,user1
1741,52,51348,51,324.75,user2
1742,55,79161,18,233.48,user3
1743,29,47200,82,473.12,user3
1744,30,34779,51,496.3,user3
1745,57,51087,50,493.38,user2
1746,32,52451,17,312.24,user1
1747,32,35686,87,415.3,user2
1748,46,40671,3,67.09,user2
1749,22,58387,0,370.91,user3
1750,44,87383,81,224.91,user2
1751,32,82514,83,291.1,user1
1752,51,54099,67,323.71,user2
1753,44,93896,66,11.34,user2
1754,31,90263,0,483.83,user2
1755,59,29835,63,258.2,user3
1756,34,74390,60,448.81,user3
1757,25,87556,79,338.96,user2
1758,45,59930,84,303.88,user1
1759,25,28631,75,269.13,user2
1760,26,48976,92,91.31,user2
1761,42,85570,9,177.34,user1
1762,23,41042,36,187.68,user1
1763,27,53457,8,30.48,user2
1764,52,94093,56,462.78,user1
1765,58,54143,28,71.27,user3
1766,56,57686,52,240.29,user3
1767,38,44084,2,477.57,user1
1768,42,40240,35,91.45,user2
1769,20,52883,52,353.85,user1
1770,55,27383,30,283.74,user1
1771,32,53580,68,321.84,user3
1772,23,48683,29,85.69,user3
1773,19,22472,51,199.98,user2
1774,19,86186,89,484.63,user3
1775,28,73073,38,284.33,user3
1776,24,21841,72,266.59,user1
1777,22,27557,37,93.92,user2
1778,46,78084,89,490.11,user1
1779,34,80510,38,247.01,user2
1780,27,49523,66,88.42,user1
1781,46,35216,32,443.54,user3
1782,47,60006,20,65.07,user1
1783,51,86820,78,41.25,user2
1784,40,78736,7,248.29,user2
1785,19,68749,76,196.66,user1
1786,47,76145,91,361.54,user2
1787,35,91172,97,89.67,user3
1788,18,55078,91,282.22,user1
1789,32,63049,84,347.18,user3
1790,20,66901,81,470.97,user1
1791,54,89891,30,263.91,user3
1792,46,38492,51,481.62,user1
1793,59,58198,80,276.35,user3
1794,46,97248,86,66.01,user1
1795,32,33597,78,136.39,user2
1796,42,85700,60,75.15,user1
1797,23,61062,16,57.7,user1
1798,20,89027,74,329.71,user1
1799,19,72466,94,471.42,user1
1800,33,80317,80,12.43,user1
1801,21,49378,49,272.16,user1
1802,30,41233,60,149.47,user1
1803,27,47855,42,454.44,user3
1804,48,87582,67,295.47,user2
1805,30,83174,88,364.71,user2
1806,32,70421,89,172.32,user3
1807,59,65528,33,473.93,user3
1808,21,69257,47,37.45,user3
1809,34,29351,88,21.66,user3
1810,33,31648,24,60.42,user1
1811,39,82423,45,209.76,user1
1812,20,69193,24,447.93,user2
1813,40,53590,51,231.71,user3
1814,24,34291,17,214.77,user3
1815,18,43468,8,185.03,user2
1816,36,26916,73,206.06,user3
1817,40,80963,9,121.99,user3
1818,51,71713,74,420.11,user3
1819,35,49919,45,339.31,user3
1820,46,60437,36,351.66,user1
1821,23,58653,81,61.97,user2
1822,21,29176,24,143.98,user2
1823,47,32652,60,339.08,user3
1824,36,38367,93,454.09,user3
1825,31,70198,76,349.46,user3
1826,39,59005,24,43.85,user3
1827,45,33994,9,49.75,user3
1828,53,20611,41,281.22,user3
1829,28,35971,98,263.91,user2
1830,25,34056,70,486.25,user1
1831,52,35473,42,185.3,user3
1832,36,22104,43,445.46,user2
1833,28,25212,77,462.89,user2
1834,33,76612,93,105.26,user2
1835,36,40184,98,119.38,user3
1836,38,22691,59,58.82,user2
1837,42,86488,4,265.67,user2
1838,52,30901,62,273.67,user1
1839,37,27604,15,94.53,user2
1840,18,73415,46,320.35,user2
1841,18,55545,23,255.34,user3
1842,23,85535,12,112.69,user2
1843,37,96065,78,272.7,user1
1844,51,97972,64,357.97,user3
1845,41,32272,2,189.19,user1
1846,56,42562,41,253.9,user1
1847,24,28194,15,320.86,user2
1848,30,89985,25,174.99,user3
1849,21,53313,17,121.46,user3
1850,42,24354,21,325.84,user1
1851,49,48795,50,383.2,user2
1852,28,81383,20,169.25,user2
1853,56,31115,37,354.21,user2
1854,26,21907,44,94.83,user3
1855,54,47612,97,11.2,user1
1856,46,64826,25,437.84,user1
1857,28,97596,21,417.84,user3
1858,50,72648,4,79.8,user1
1859,32,26256,70,232.79,user1
1860,52,33373,70,121.93,user2
1861,30,29178,38,164.15,user2
1862,21,51139,72,394.82,user3
1863,29,90174,14,165.43,user3
1864,50,41635,78,463.44,user1
1865,55,37445,92,486.88,user2
1866,36,64492,50,326.29,user1
1867,40,71564,35,450.7,user2
1868,46,26885,46,251.52,user1
1869,37,84158,29,451.01,user1
1870,30,56161,90,450.97,user2
1871,28,69201,15,160.0,user1
1872,22,79002,68,422.02,user2
1873,37,51489,76,172.67,user2
1874,24,93796,10,473.87,user3
1875,50,24060,43,494.16,user2
1876,39,35439,18,435.33,user3
1877,52,85293,83,407.05,user2
1878,25,44292,24,66.88,user3
1879,43,53544,38,456.23,user2
1880,50,87436,34,366.73,user2
1881,31,58577,71,68.82,user3
1882,57,46482,1,486.93,user1
1883,50,32130,24,95.52,user1
1884,29,97845,63,35.23,user1
1885,18,52933,9,336.23,user1
1886,49,98991,53,113.09,user3
1887,35,79438,1,325.78,user1
1888,43,44894,26,269.49,user3
1889,55,57005,62,79.45,user1
1890,35,82803,30,230.26,user1
1891,56,69963,54,376.75,user3
1892,34,72211,42,382.18,user1
1893,46,48501,52,218.13,user2
1894,39,68110,3,476.23,user1
1895,47,94983,12,248.85,user2
1896,44,47280,44,273.04,user2
1897,32,27300,49,258.29,user3
1898,42,52583,32,88.48,user1
1899,48,50583,52,467.3,user2
1900,57,94470,12,293.8,user1
1901,40,98637,43,411.99,user1
1902,57,31395,3,169.01,user3
1903,19,42385,85,398.79,user3
1904,25,40550,76,417.04,user2
1905,46,47676,88,371.48,user1
1906,49,74230,2,451.22,user2
1907,26,73470,61,67.35,user2
1908,47,78614,21,241.24,user2
1909,44,48730,33,379.0,user2
1910,54,32153,30,498.2,user2
1911,26,93134,56,306.61,user2
1912,27,50412,95,485.51,user1
1913,47,37514,35,482.75,user2
1914,40,71636,90,125.55,user2
1915,54,50542,59,46.34,user1
1916,38,65767,3,86.33,user3
1917,47,40715,48,347.97,user1
1918,45,67970,81,471.29,user1
1919,21,87042,13,263.23,user3
1920,35,88510,55,419.16,user3
1921,51,87306,91,331.75,user3
1922,57,99656,67,257.37,user3
1923,34,30701,12,276.77,user2
1924,34,25480,13,473.14,user2
1925,57,92440,81,432.35,user1
1926,58,87820,64,371.77,user2
1927,55,55510,42,382.11,user3
1928,51,20602,98,136.33,user2
1929,38,57940,8,188.65,user2
1930,46,61064,8,66.64,user3
1931,34,42552,31,92.73,user3
1932,56,95275,37,413.98,user2
1933,38,81145,79,485.43,user3
1934,53,30869,59,124.13,user3
1935,57,62586,65,192.03,user3
1936,23,99178,40,369.91,user2
1937,21,42031,94,36.51,user1
1938,48,75187,20,331.61,user2
1939,42,23472,84,453.4,user1
1940,30,29788,75,145.47,user2
1941,23,41339,82,387.62,user3
1942,36,80809,46,337.01,user2
1943,56,59006,69,393.38,user1
1944,57,21804,23,329.33,user1
1945,53,50360,22,235.81,user3
1946,45,66233,75,92.09,user2
1947,46,89410,34,478.26,user3
1948,36,90935,25,116.48,user1
1949,20,31076,99,66.06,user2
1950,41,94875,42,427.79,user1
1951,57,93493,77,127.86,user3
1952,34,88441,25,138.09,user2
1953,43,85189,35,371.98,user2
1954,48,25816,50,361.28,user3
1955,56,39956,95,82.26,user3
1956,44,55780,52,337.11,user3
1957,28,47213,33,96.65,user1
1958,31,93458,40,205.8,user3
1959,38,72692,94,319.68,user2
1960,18,76949,10,279.93,user3
1961,58,22325,96,343.92,user2
1962,50,22773,16,447.59,user2
1963,54,40707,41,420.37,user1
1964,56,88667,60,51.44,user1
1965,35,51908,99,66.62,user1
1966,40,91453,96,43.61,user3
1967,24,60441,60,385.93,user3
1968,32,65361,25,161.36,user2
1969,38,47689,58,142.88,user3
1970,38,48395,86,109.0,user2
1971,44,95394,47,217.64,user2
1972,53,21850,35,267.09,user2
1973,54,74404,82,61.34,user2
1974,48,88359,18,219.84,user3
1975,26,87863,71,373.8,user2
1976,41,63670,9,464.71,user1
1977,35,65962,48,171.81,user2
1978,44,67801,11,216.42,user1
1979,39,29021,0,462.71,user1
1980,46,97099,89,67.68,user1
1981,49,38299,90,323.33,user2
1982,40,21175,29,10.68,user1
1983,19,25862,27,423.27,user1
1984,24,20452,51,261.11,user3
1985,28,68734,81,131.56,user3
1986,51,52534,74,239.44,user1
1987,31,78623,47,384.83,user3
1988,23,57292,5,403.97,user3
1989,47,90868,89,499.96,user1
1990,28,41153,16,67.36,user1
1991,48,93428,61,261.4,user3
1992,43,71204,83,63.95,user2
1993,55,56746,60,55.88,user2
1994,45,77851,76,266.69,user3
1995,52,75265,70,435.13,user2
1996,48,84113,4,367.77,user1
1997,50,21446,75,316.58,user1
1998,52,55543,86,210.85,user2
1999,45,31826,29,356.95,user2
2000,24,66997,89,153.03,user2
